pathway,gene_symbol,entrez,tdc_idx,weight,matched_via
Androgen,TMPRSS2,7113,22180,11.4906307374,symbol
Androgen,NKX3-1,4824,9827,10.6225511027,symbol
Androgen,MBOAT2,129642,2444,10.4727329721,symbol
Androgen,KLK2,3817,21030,10.176185878,symbol
Androgen,SARG,79098,2069,11.3868523945,alias
Androgen,SLC38A4,55089,14251,7.36380493768,symbol
Androgen,MTMR9,66036,9721,6.13064559946,symbol
Androgen,ZBTB16,7704,13653,10.6144369438,symbol
Androgen,KCNN2,3781,6674,9.4731988889,symbol
Androgen,OPRK1,4986,9982,-5.62607353634,symbol
Androgen,ADAM7,8756,9833,3.11174530687,symbol
Androgen,ABCC4,10257,15480,9.37428478112,symbol
Androgen,MYBPC1,4604,14766,4.60857869284,symbol
Androgen,EAF2,55840,4704,6.94490738852,symbol
Androgen,KLK3,354,21029,14.6068407674,symbol
Androgen,OTULINL,54491,6246,7.7082177175,alias
Androgen,PEX10,5192,77,5.74946026182,symbol
Androgen,SI,6476,5018,-5.79500307445,symbol
Androgen,SNAI2,6591,9973,19.8215089854,symbol
Androgen,CAMKK2,10645,14962,3.73954403123,symbol
Androgen,BMPR1B,658,5776,4.63408450531,symbol
Androgen,F5,2153,1772,6.087825897,symbol
Androgen,LIFR,3977,6318,8.6125146918,symbol
Androgen,MAK,4117,7343,5.31367285271,symbol
Androgen,GNMT,27232,7828,5.67263863695,symbol
Androgen,MPC2,25874,1753,5.88831328709,symbol
Androgen,CTNNA2,1496,2933,3.86912654352,symbol
Androgen,CLDN8,9073,22058,7.82616312833,symbol
Androgen,LRRFIP2,9209,4139,4.14418717192,symbol
Androgen,LRRC31,79782,5037,-5.18102258915,symbol
Androgen,LPAR3,23566,966,5.84827847574,symbol
Androgen,SLC15A2,6565,4705,5.13992665138,symbol
Androgen,ELL2,22936,6616,6.5675774538,symbol
Androgen,IGF1R,3480,17054,5.01152202997,symbol
Androgen,DNM1L,10059,14213,4.18867959332,symbol
Androgen,LRIG1,26018,4488,6.62607205612,symbol
Androgen,SLITRK3,22865,5019,-3.32064361336,symbol
Androgen,KCNMA1,3778,11927,3.54241990608,symbol
Androgen,NPPC,4880,3820,4.04611571241,symbol
Androgen,ELK4,2005,2043,2.73317183336,symbol
Androgen,MRPS18A,55168,7856,3.92493588807,symbol
Androgen,CBLL1,79872,9277,5.32543758834,symbol
Androgen,AFF3,3899,3065,2.48009244085,symbol
Androgen,SGK1,6446,8271,12.8168418138,symbol
Androgen,STK39,27347,3405,6.93412462041,symbol
Androgen,PMEPA1,56937,21875,10.9989122239,symbol
Androgen,MALT1,10892,19677,6.66978209415,symbol
Androgen,CDK8,1024,15155,-4.29086828336,symbol
Androgen,CROT,54677,9046,4.35830672292,symbol
Androgen,PGC,5225,7805,4.7496332151,symbol
Androgen,STEAP4,79689,9055,9.19433931111,symbol
Androgen,NSMAF,8439,10015,3.28454451793,symbol
Androgen,GPR63,81491,8078,-3.22759309882,symbol
Androgen,TLL1,7092,6067,-2.46391807731,symbol
Androgen,MAF,4094,17928,5.86387138398,symbol
Androgen,DHCR24,1718,824,6.84300840294,symbol
Androgen,FRK,2444,8166,4.70024893522,symbol
Androgen,CENPN,55839,17937,8.49101673326,symbol
Androgen,SORD,6652,16572,5.77756578443,symbol
Androgen,IQGAP2,10788,6517,5.12448342846,symbol
Androgen,MPHOSPH9,10198,15000,5.10619862739,symbol
Androgen,HOXC13,3229,14415,-3.63425580489,symbol
Androgen,CHRNA2,1135,9850,3.3317016194,symbol
Androgen,CTBP1,1487,5297,-2.89217188229,symbol
Androgen,KLF15,28999,4749,2.83253408437,symbol
Androgen,ACSL3,2181,3766,8.25821358567,symbol
Androgen,TPD52,7163,10118,4.54571137515,symbol
Androgen,SPDEF,25803,7719,3.75095128457,symbol
Androgen,FZD5,7855,3648,4.68661955181,symbol
Androgen,GRIK1,2897,22053,-1.64651345517,symbol
Androgen,CSGALNACT1,55790,9776,6.84603443294,symbol
Androgen,DNASE2B,58511,958,3.01132858824,symbol
Androgen,PHF8,23133,23158,1.86964493558,symbol
Androgen,ARHGEF26,26084,4964,5.31107976025,symbol
Androgen,UAP1,6675,1717,7.62235942884,symbol
Androgen,ECI2,10455,7302,4.26810222296,symbol
Androgen,ADPRM,56985,18329,4.13348871896,symbol
Androgen,GRHL2,79977,10230,4.29572486397,symbol
Androgen,ENDOD1,23052,13538,6.51615227021,symbol
Androgen,NCAPD3,23310,13866,8.44090141153,symbol
Androgen,AZGP1,563,9151,5.81835009695,symbol
Androgen,ACP3,55,4821,-3.01472809845,alias
Androgen,TSPAN3,10099,16863,-3.04694823602,symbol
Androgen,IGF1,3479,14775,2.68011765402,symbol
Androgen,PDE9A,5152,22200,2.90020939568,symbol
Androgen,SYTL2,54843,13476,-5.38953615735,symbol
Androgen,PPP2CB,5516,9885,2.35261800325,symbol
Androgen,MYNN,55892,5034,-2.91880437202,symbol
Androgen,RAB3B,5865,775,4.39309957965,symbol
Androgen,SEC14L2,23541,22519,4.38852738911,symbol
Androgen,PSMD8,5714,20587,3.65732836091,symbol
Androgen,UBE2J1,51465,8060,3.76002103397,symbol
Androgen,FUT8,2530,15993,-4.40595359044,symbol
Androgen,PAK1IP1,55003,7340,7.6919315634,symbol
Androgen,MANEA,79694,8074,-4.00414637037,symbol
Androgen,GCG,2641,3378,-2.17133592689,symbol
Androgen,SELENOP,6414,6346,6.33678058131,alias
Androgen,TRPM8,79054,3859,3.83541868895,symbol
Androgen,SCAP,22937,4268,2.92921089044,symbol
Androgen,MCCC2,64087,6485,2.80800480204,symbol
EGFR,LZTFL1,54585,4235,-1.873876929252963,symbol
EGFR,PHLDA2,7262,12504,3.5051383414014112,symbol
EGFR,DUSP6,1848,14687,12.629312588446036,symbol
EGFR,DUSP5,1847,12230,7.943039506997307,symbol
EGFR,PHLDA1,22822,14649,6.619626128742468,symbol
EGFR,CRIPT,9419,2710,-2.0449378698683227,symbol
EGFR,DUSP4,1846,9870,6.967179671474087,symbol
EGFR,EPHA2,1969,256,5.4111841020654285,symbol
EGFR,MCCC1,56922,5099,-2.17032352979398,symbol
EGFR,HAS3,3038,17833,2.923737765119489,symbol
EGFR,VAV3,10451,1101,-3.386485036216109,symbol
EGFR,FOSL1,8061,13243,7.647829795338416,symbol
EGFR,SENP7,57337,4581,-2.1103437828969924,symbol
EGFR,BZW1,9689,3592,2.746151949488983,symbol
EGFR,EGR4,1961,2873,2.9530763854223228,symbol
EGFR,POT1,25913,9352,-1.8333008584025583,symbol
EGFR,LAMC2,3918,1882,3.920115723402268,symbol
EGFR,ATG2B,55102,16227,-1.6455804469932764,symbol
EGFR,NR1D2,9975,4089,-3.0832724486774854,symbol
EGFR,LARP7,51574,5867,-0.9170774557824304,symbol
EGFR,MYO1A,4640,14521,0.9947781195140428,symbol
EGFR,GOLPH3L,55204,1367,-2.7415248706060975,symbol
EGFR,NHSL3,57648,524,-2.506941467337292,alias
EGFR,ADORA1,134,1999,1.2678100083900097,symbol
EGFR,RABGAP1,23637,11163,-1.2694002588993438,symbol
EGFR,SYF2,25949,388,-1.4076357524680667,symbol
EGFR,BBIP1,92482,12235,-1.184318958232922,symbol
EGFR,PCMTD2,55251,21990,-2.195375446325962,symbol
EGFR,CHRNA10,57053,12519,0.689980899769992,symbol
EGFR,MARF1,9665,17368,-2.298468517446856,alias
EGFR,RETREG3,162427,18786,-2.1223177844002925,alias
EGFR,PNP,4860,15649,4.643619941645966,symbol
EGFR,ATXN3,4287,16171,-1.2742786737691196,symbol
EGFR,ETFDH,2110,6042,-1.668458754983148,symbol
EGFR,SPOCD1,90853,500,4.295689401219409,symbol
EGFR,NBR1,4077,18817,-1.997203364164864,symbol
EGFR,TRIB1,10221,10330,3.917794383276805,symbol
EGFR,ELF2,1998,5943,-1.3429287000126269,symbol
EGFR,PLEK2,26499,16001,3.43925696360287,symbol
EGFR,CLDN8,9073,22058,-2.018707848487331,symbol
EGFR,ZNF224,7767,20767,-1.3973098554739216,symbol
EGFR,CBARP,255057,19816,0.9794424786218808,symbol
EGFR,RNF146,81847,8223,-2.1708211640021235,symbol
EGFR,EAPP,55837,15802,-2.2398997303308854,symbol
EGFR,BSDC1,55108,518,-1.2693689680961624,symbol
EGFR,RAB33B,83452,5947,-1.7836428159636903,symbol
EGFR,MBTPS1,8720,17959,-1.4066013754786937,symbol
EGFR,MDFI,4188,7803,1.1601090725994416,symbol
EGFR,KCNF1,3754,2464,1.5758757301367112,symbol
EGFR,RBM48,84060,9078,-1.0537742383023745,symbol
EGFR,KLHDC2,23588,15864,-3.593929654559083,symbol
EGFR,AEN,64782,16979,2.987402897428214,symbol
EGFR,PWP2,5822,22221,1.1724883837862146,symbol
EGFR,DYNC2LI1,51626,2689,-1.4302386019583069,symbol
EGFR,CCDC28A,25901,8304,-3.1018147713203996,symbol
EGFR,EFHC1,114327,7915,-2.0346036601314106,symbol
EGFR,XRCC3,7517,16290,1.487957075070578,symbol
EGFR,SPATA2L,124044,18047,1.7564976683917295,symbol
EGFR,SLC45A3,85414,2044,1.902438901805597,symbol
EGFR,WDR19,57728,5478,-1.4937894240640512,symbol
EGFR,TRH,7200,4805,0.7719646613807655,symbol
EGFR,TMEM59,9528,809,-1.864066426580397,symbol
EGFR,CEPT1,10390,1164,-0.9945937341242642,symbol
EGFR,ZNF75D,7626,23559,-1.3158194734458744,symbol
EGFR,TUBB4B,10383,11426,4.084510207636249,symbol
EGFR,HMOX2,3163,17286,1.7196379725677713,symbol
EGFR,ODC1,4953,2458,4.678550828963831,symbol
EGFR,EXD3,54932,11433,0.7799245134709468,symbol
EGFR,RCOR3,55758,2096,-1.6707723934808358,symbol
EGFR,ZNF350,59348,21078,-1.2635000674740438,symbol
EGFR,DCAF13,25879,10247,1.434232957050236,symbol
EGFR,N4BP2L2,10443,15210,-1.5940146460304414,symbol
EGFR,AJUBA,84962,15701,-3.1932646626203125,symbol
EGFR,MMUT,4594,7896,-1.6908695700558949,alias
EGFR,CFL1,1072,13237,1.3292454786626662,symbol
EGFR,GPR75,10936,2737,1.0370395152926324,symbol
EGFR,TRIM52,84851,7261,-2.012160331907214,symbol
EGFR,ZNF451,26036,7949,-1.0560068807443646,symbol
EGFR,GRAMD1C,54762,4653,-2.7970919926897237,symbol
EGFR,C2CD5,9847,14157,-1.939043070159012,symbol
EGFR,ZNF571,51276,20571,-1.903966941985998,symbol
EGFR,FAM200C,63920,7087,-3.1168487742826496,alias
EGFR,PTHLH,5744,14189,3.6139766530130992,symbol
EGFR,CARF,79800,3619,-1.6012840814043696,symbol
EGFR,SH2D5,400745,325,2.4321329761194748,symbol
EGFR,ZSCAN31,64288,7513,-3.1000917088831597,symbol
EGFR,MYEOV,26579,13338,1.7266324343740325,symbol
EGFR,PNISR,25957,8087,-1.5953880431843823,symbol
EGFR,TTC33,23548,6330,-1.3844089815723284,symbol
EGFR,DSPP,1834,5747,2.3503871126951883,symbol
EGFR,ANAPC16,119504,11878,-1.821018358054228,symbol
EGFR,EGR3,1960,9810,6.271415501113189,symbol
EGFR,FOXN3,1112,16149,-1.679543012599012,symbol
EGFR,PEX1,5189,9077,-1.661662409061576,symbol
EGFR,TOMM34,10953,21739,1.805978792987492,symbol
EGFR,ABHD18,80167,5925,-1.2730325781368033,symbol
EGFR,NPNT,255743,5830,-1.8713559663434385,symbol
EGFR,SUDS3,64426,14925,-2.195319617651939,symbol
EGFR,GABARAPL1,23710,14048,-2.959643453525015,symbol
EGFR,AUH,549,10903,-2.194003514605811,symbol
Estrogen,GREB1,9687,2471,17.2401728397,symbol
Estrogen,TFF1,7031,22194,14.4302547293,symbol
Estrogen,RET,5979,11683,10.7180267789,symbol
Estrogen,HEY2,23493,8216,11.4823694969,symbol
Estrogen,RAPGEFL1,51195,18679,10.544895916,symbol
Estrogen,PGR,5241,13551,8.52814244888,symbol
Estrogen,C5AR2,27202,20871,4.7330543263,symbol
Estrogen,CXCL12,6387,11700,12.4776735289,symbol
Estrogen,TPD52L1,7164,8213,10.085513349,symbol
Estrogen,NPY1R,4886,6049,10.6645059299,symbol
Estrogen,MYB,4602,8277,9.4277805658,symbol
Estrogen,CALCR,799,9088,5.39627356601,symbol
Estrogen,IL17RB,55540,4426,11.4189859122,symbol
Estrogen,SNX24,28966,6715,6.89935571746,symbol
Estrogen,ARL3,403,12185,3.95094805128,symbol
Estrogen,TGFB3,7043,16096,-5.33026789517,symbol
Estrogen,OLFM1,10439,11342,3.75243310871,symbol
Estrogen,NKAIN1,79570,488,4.73154567799,symbol
Estrogen,FKBP4,2288,13904,8.25832988113,symbol
Estrogen,IGFBP4,3487,18686,11.6514913965,symbol
Estrogen,ERBB3,2065,14486,-4.88074044723,symbol
Estrogen,CTNND2,1501,6242,-3.55466409986,symbol
Estrogen,SIAH2,6478,4942,9.43676093773,symbol
Estrogen,SLC22A5,6584,6758,7.73829566495,symbol
Estrogen,NR5A2,2494,1946,5.15006194006,symbol
Estrogen,MSMB,4477,11766,4.54908081939,symbol
Estrogen,ELOVL2,54898,7347,8.69057624608,symbol
Estrogen,COMT,1312,22349,-3.05468575187,symbol
Estrogen,CELSR2,1952,1122,8.66914415272,symbol
Estrogen,EPS15L1,58513,20264,3.14164436919,symbol
Estrogen,GLA,2717,23347,8.44185876447,symbol
Estrogen,DSCAM,1826,22171,4.14288012519,symbol
Estrogen,ABCC5,10057,5110,-4.8549878295,symbol
Estrogen,PRSS23,11098,13483,8.75522282336,symbol
Estrogen,RLN2,6019,10524,6.71852324093,symbol
Estrogen,SLC25A24,29957,1103,3.66548160476,symbol
Estrogen,DEPTOR,64798,10290,7.46377846634,symbol
Estrogen,NRIP1,8204,22009,10.0200104925,symbol
Estrogen,PCP4,5121,22170,6.36520077341,symbol
Estrogen,ARMCX6,54470,23351,3.3639024049,symbol
Estrogen,MISP,126353,19794,-4.33416825574,symbol
Estrogen,CA12,771,16693,8.41357762757,symbol
Estrogen,EPB41L5,57669,3205,-3.43451140317,symbol
Estrogen,MYO1B,4430,3548,-5.4741888205,symbol
Estrogen,SH3BP4,23677,3862,-4.87774227508,symbol
Estrogen,RNF43,54894,19045,-5.41598767784,symbol
Estrogen,TASOR2,54906,11491,4.93576703606,alias
Estrogen,DDX10,1662,13604,4.62695785919,symbol
Estrogen,MED13L,23389,14907,3.83741058189,symbol
Estrogen,UPK2,7379,13711,-3.38692225002,symbol
Estrogen,ADORA1,134,1999,5.02379225883,symbol
Estrogen,KCNJ3,3760,3344,-2.98207081773,symbol
Estrogen,ASB13,79754,11490,6.99394259362,symbol
Estrogen,PLPP2,8612,19776,-4.47476054597,symbol
Estrogen,CEP43,11116,8461,2.46840962977,alias
Estrogen,IL1R1,3554,3083,-6.86624961006,symbol
Estrogen,XBP1,7494,22487,5.71530844515,symbol
Estrogen,CAP2,10486,7376,5.01154709433,symbol
Estrogen,RHBDF1,64285,17090,-3.65846843274,symbol
Estrogen,ZNF552,79818,21280,2.88661715189,symbol
Estrogen,CAB39L,81617,15332,-4.12631179667,symbol
Estrogen,RAB27B,5874,19658,-5.88914566171,symbol
Estrogen,PLAC1,10761,23549,5.06711601484,symbol
Estrogen,RAB9A,9367,22876,-6.00777315701,symbol
Estrogen,HDAC7,51564,14259,-2.03748800346,symbol
Estrogen,ZDHHC7,55625,17972,-4.83093256313,symbol
Estrogen,SIDT1,54847,4649,-4.23204663804,symbol
Estrogen,RARA,5914,18682,3.02158025348,symbol
Estrogen,EEIG1,399665,11220,5.76083870514,alias
Estrogen,WWC1,23286,7106,5.58743801371,symbol
Estrogen,ELF5,2001,12820,-3.21644433313,symbol
Estrogen,CTR9,9646,12681,4.82318209378,symbol
Estrogen,KIAA0513,9764,17973,-3.62315496931,symbol
Estrogen,SEC14L2,23541,22519,5.23907790111,symbol
Estrogen,MYH14,79784,21003,-2.13654612134,symbol
Estrogen,MPPED2,744,12787,3.91502173549,symbol
Estrogen,RBBP8,5932,19529,6.83400284824,symbol
Estrogen,TLE1,7088,10845,-4.10217257102,symbol
Estrogen,TMEM135,65084,13487,-3.50320154881,symbol
Estrogen,FRK,2444,8166,4.90037712333,symbol
Estrogen,ADCY9,115,17274,3.2478819979,symbol
Estrogen,EGR3,1960,9810,16.0776973153,symbol
Estrogen,TIAM1,7074,22078,4.47348368321,symbol
Estrogen,CASP9,842,238,-2.43538830188,symbol
Estrogen,CLDN9,9080,17235,-2.08481449153,symbol
Estrogen,WFS1,7466,5359,4.21639521035,symbol
Estrogen,SLC7A5,8140,18005,11.2240689529,symbol
Estrogen,PPIF,10105,11939,10.130802152,symbol
Estrogen,CLDN4,1364,8966,-3.82821711919,symbol
Estrogen,GATA3,2625,11512,-6.00468746718,symbol
Estrogen,RCL1,10171,10520,4.21924727177,symbol
Estrogen,PIK3R3,8503,720,-5.49749606658,symbol
Estrogen,SLC9A1,6548,434,-2.59442657319,symbol
Estrogen,SDK2,54549,19193,1.87704625885,symbol
Estrogen,TACC1,6867,9924,-3.37486737164,symbol
Estrogen,ATP2A3,489,18144,-2.88202583781,symbol
Estrogen,ESR1,2099,8378,-1.30445244618,symbol
Estrogen,KCNK5,8645,7776,4.65682787894,symbol
Estrogen,SGCG,6445,15127,-4.18181325248,symbol
Estrogen,STC2,8614,7147,10.2860517134,symbol
Hypoxia,PDK1,5163,3445,13.120449402558766,symbol
Hypoxia,ANKRD37,353322,6140,8.48497615199521,symbol
Hypoxia,FAM162A,26355,4711,8.33555155151556,symbol
Hypoxia,BNIP3L,665,9843,14.120302370563392,symbol
Hypoxia,ENO2,2026,13973,14.326939818224217,symbol
Hypoxia,ANKZF1,55139,3740,7.3581628655820355,symbol
Hypoxia,NDRG1,10397,10367,22.08711949313988,symbol
Hypoxia,INSIG2,51141,3191,13.562193843210398,symbol
Hypoxia,FUT11,170384,11904,11.170582164162454,symbol
Hypoxia,KDM3A,55818,2971,10.850752743976678,symbol
Hypoxia,PFKFB4,5210,4286,8.940270838819915,symbol
Hypoxia,GBE1,2632,4526,9.711499344287043,symbol
Hypoxia,EGLN1,54583,2251,9.594450021663096,symbol
Hypoxia,PGK1,5230,23291,9.993991393929369,symbol
Hypoxia,HILPDA,29923,9372,16.707123547646272,symbol
Hypoxia,PLOD2,5352,4906,13.600144008727044,symbol
Hypoxia,RLF,6018,623,7.070285475179907,symbol
Hypoxia,ALDOC,230,18487,13.161523644516665,symbol
Hypoxia,ERO1A,30001,15894,9.698198187800116,symbol
Hypoxia,BHLHE40,8553,3956,15.242359597309465,symbol
Hypoxia,ALDOA,226,17531,7.654678080881261,symbol
Hypoxia,BNIP3,664,12371,19.41797403956135,symbol
Hypoxia,GPI,2821,20457,8.549580220186382,symbol
Hypoxia,PLOD1,5351,193,6.610224848855331,symbol
Hypoxia,SLC2A1,6513,660,8.67915398023849,symbol
Hypoxia,KDM4B,23030,19939,3.6502093225821697,symbol
Hypoxia,ZNF395,55893,9862,8.060934043547565,symbol
Hypoxia,P4HA1,5033,11885,11.06765669269899,symbol
Hypoxia,PPFIA4,8497,1997,10.837614563420766,symbol
Hypoxia,EGLN3,112399,15800,11.655727921145276,symbol
Hypoxia,VLDLR,7436,10506,10.266334142486112,symbol
Hypoxia,VEGFA,7422,7857,10.612898925768754,symbol
Hypoxia,EFNA3,1944,1523,4.211740089377879,symbol
Hypoxia,PFKFB3,5209,11498,14.547192077328102,symbol
Hypoxia,MXI1,4601,12228,10.860921454642892,symbol
Hypoxia,WDR45B,56270,19408,4.504362332270949,symbol
Hypoxia,WSB1,26118,18464,7.024224347672526,symbol
Hypoxia,LDHA,3939,12737,7.653450321804332,symbol
Hypoxia,AK4,205,877,9.693023500676851,symbol
Hypoxia,NCKIPSD,51517,4294,2.336982502347681,symbol
Hypoxia,PGM1,5236,869,7.88583461642632,symbol
Hypoxia,SLC25A36,55186,4883,5.329043990266979,symbol
Hypoxia,YEATS2,55689,5107,5.353127516506888,symbol
Hypoxia,ANGPTL4,51129,20030,12.640690645582348,symbol
Hypoxia,TMEM45A,55076,4576,17.87680015652248,symbol
Hypoxia,NGLY1,55768,4096,3.5046086484829,symbol
Hypoxia,VKORC1,79001,17582,5.41943367385705,symbol
Hypoxia,SEC61G,23480,8868,4.741112933827921,symbol
Hypoxia,ENO1,2023,139,6.103862987397812,symbol
Hypoxia,C8orf58,541565,9806,3.1078714347082625,symbol
Hypoxia,CFAP96,441054,6142,6.053300922097778,alias
Hypoxia,MAPK7,5598,18433,2.63190452108407,symbol
Hypoxia,PDK3,5165,22953,4.399750738661217,symbol
Hypoxia,CA9,768,10689,13.961067838986262,symbol
Hypoxia,ZNF292,23036,8040,6.02393811187105,symbol
Hypoxia,GAPDH,2597,13948,5.046552543867155,symbol
Hypoxia,PFKP,5214,11467,9.233200905574463,symbol
Hypoxia,NRN1,51299,7314,6.727516861287743,symbol
Hypoxia,SPAG4,6676,21642,10.213071470614544,symbol
Hypoxia,RIOK3,8780,19532,3.730301284236218,symbol
Hypoxia,P4HA2,8974,6754,6.2803435571622455,symbol
Hypoxia,ARLN,401152,5888,7.437918887870261,alias
Hypoxia,ZNF160,90338,21110,2.713924225105919,symbol
Hypoxia,WDR54,84058,2895,5.695501641785151,symbol
Hypoxia,MPI,4351,16831,3.502165309241745,symbol
Hypoxia,CLK3,1198,16822,3.564013767080937,symbol
Hypoxia,PFKL,5211,22226,3.5446163885829014,symbol
Hypoxia,ADM,133,12673,17.825696141131807,symbol
Hypoxia,NOL3,8996,17779,3.9380295361169138,symbol
Hypoxia,DARS1,1615,3300,3.670815844180791,alias
Hypoxia,PKM,5315,16785,4.745179717324236,symbol
Hypoxia,PGAM1,5223,12097,6.378265135027698,symbol
Hypoxia,RAB20,55647,15561,4.256260325236859,symbol
Hypoxia,SAP30,8819,6086,2.905750987571088,symbol
Hypoxia,LOX,4015,6708,7.461207816237273,symbol
Hypoxia,RBPJ,3516,5452,3.851456745820723,symbol
Hypoxia,CRKL,1399,22373,2.554734213406757,symbol
Hypoxia,NARF,26502,19406,4.09514912532848,symbol
Hypoxia,FBXO42,54455,259,2.2572287329470258,symbol
Hypoxia,RORA,6095,16681,4.508771760265728,symbol
Hypoxia,GYS1,2997,20935,4.922863343877431,symbol
Hypoxia,RNF24,11237,21399,3.8530589421282513,symbol
Hypoxia,ZNF654,55279,4536,4.28806196320664,symbol
Hypoxia,PRSS53,339105,17581,1.9745062323810545,symbol
Hypoxia,FAM13A,10144,5761,5.094179820464756,symbol
Hypoxia,POP4,10775,20423,-2.314412633667518,symbol
Hypoxia,ZMPSTE24,10269,624,-4.392340277526979,symbol
Hypoxia,PPP2R5B,5526,13191,3.482583396179474,symbol
Hypoxia,PAM,5066,6638,6.2642963862461665,symbol
Hypoxia,ZBTB25,7597,15977,3.4190588078493094,symbol
Hypoxia,TMX2,51075,12997,-3.697944017575907,symbol
Hypoxia,FLAD1,80308,1515,-3.2942166219182485,symbol
Hypoxia,CCNG2,901,5689,7.325840669282846,symbol
Hypoxia,QRSL1,55278,8109,-2.2452978076758083,symbol
Hypoxia,LOXL2,4017,9823,4.608767866597851,symbol
Hypoxia,DOLK,22845,11252,-3.464171671590372,symbol
Hypoxia,KDM4C,23081,10538,2.258150961667626,symbol
Hypoxia,BCKDK,10295,17583,2.645038791946143,symbol
Hypoxia,TBC1D9B,23061,7238,2.7205868593299334,symbol
Hypoxia,TPI1,7167,13968,3.7553822853297127,symbol
JAK-STAT,OAS1,4938,14886,15.02871458808529,symbol
JAK-STAT,HERC6,55008,5755,8.7696758787049,symbol
JAK-STAT,OAS3,4940,14887,10.618841819069107,symbol
JAK-STAT,PLSCR1,5359,4909,8.481603172606215,symbol
JAK-STAT,DDX60,55601,6070,12.198233209424696,symbol
JAK-STAT,TRIM21,6737,12527,6.674188117175322,symbol
JAK-STAT,SP110,3431,3796,8.678712721003516,symbol
JAK-STAT,RIGI,23586,10620,12.96537824941593,alias
JAK-STAT,RSAD2,91543,2432,22.898727433412805,symbol
JAK-STAT,STAT1,6772,3546,9.083936566082984,symbol
JAK-STAT,IFI44,10561,946,12.450862527212522,symbol
JAK-STAT,IFIT1,3434,12019,27.85136308886104,symbol
JAK-STAT,IFI44L,10964,945,18.867155888745373,symbol
JAK-STAT,OAS2,4939,14888,9.624826433910476,symbol
JAK-STAT,SP100,6672,3799,4.476509316100021,symbol
JAK-STAT,IFI35,3430,18811,10.598535682064476,symbol
JAK-STAT,MX2,4600,22178,11.818703102625824,symbol
JAK-STAT,SAMHD1,25939,21665,7.133444858969064,symbol
JAK-STAT,ISG15,9636,24,20.039033525061807,symbol
JAK-STAT,DDX60L,91351,6071,7.202283033122158,symbol
JAK-STAT,IFI6,2537,446,12.5796945047128,symbol
JAK-STAT,NMI,9111,3330,7.432654587630982,symbol
JAK-STAT,USP18,11274,22320,12.17801175279867,symbol
JAK-STAT,IFIT3,3437,12017,20.592306560138873,symbol
JAK-STAT,IFI16,3428,1629,7.284513462846863,symbol
JAK-STAT,SAMD9,54809,9084,10.426219160315991,symbol
JAK-STAT,EIF2AK2,5610,2641,5.7230163248751165,symbol
JAK-STAT,XAF1,54739,18207,8.780286115021156,symbol
JAK-STAT,MX1,4599,22179,19.384131266493444,symbol
JAK-STAT,BST2,684,20290,8.104993585472233,symbol
JAK-STAT,IFIH1,64135,3380,8.34769265175166,symbol
JAK-STAT,SLC25A28,81894,12123,3.9334616541440486,symbol
JAK-STAT,SHFL,55337,20072,5.478126049858063,alias
JAK-STAT,RTP4,64108,5169,9.45113967581242,symbol
JAK-STAT,TDRD7,23424,10972,6.56664681954279,symbol
JAK-STAT,IFI27,3429,16196,11.20265458228107,symbol
JAK-STAT,IFIT5,24138,12020,7.948068935223525,symbol
JAK-STAT,IFITM1,8519,12416,13.943094211839188,symbol
JAK-STAT,UBE2L6,9246,12991,8.215585125993922,symbol
JAK-STAT,PML,5371,16809,3.608525276727841,symbol
JAK-STAT,BATF2,116071,13194,8.613495106102707,symbol
JAK-STAT,EPSTI1,94240,15275,12.08161764162436,symbol
JAK-STAT,APOL2,23780,22580,3.656057664879002,symbol
JAK-STAT,OASL,8638,14959,12.710727206366562,symbol
JAK-STAT,LAP3,51056,5425,7.384958867335309,symbol
JAK-STAT,SLC15A3,51296,13067,4.260739183475992,symbol
JAK-STAT,IRF7,3665,12432,8.06937432090483,symbol
JAK-STAT,DHX58,79132,18769,4.909942134787099,symbol
JAK-STAT,HELZ2,85441,21961,4.762151884401938,symbol
JAK-STAT,ADAR,103,1508,3.874928960702245,symbol
JAK-STAT,PARP14,54625,4718,6.397283812786976,symbol
JAK-STAT,TMEM62,80021,16535,2.3069352990793845,symbol
JAK-STAT,TRIM14,9830,10982,3.0379588513996647,symbol
JAK-STAT,SECTM1,6398,19400,5.9932298839983975,symbol
JAK-STAT,RNF114,55905,21817,2.491567548621603,symbol
JAK-STAT,APOL6,80830,22575,6.474920883034865,symbol
JAK-STAT,ETV7,51513,7748,4.779528161895114,symbol
JAK-STAT,TAP2,6891,7670,3.592260360584077,symbol
JAK-STAT,IFIT2,3433,12016,16.18714603519944,symbol
JAK-STAT,PARP9,83666,4715,8.715151859092401,symbol
JAK-STAT,IRF9,10379,15744,7.526584188931556,symbol
JAK-STAT,PHF11,51131,15334,3.8617313364104704,symbol
JAK-STAT,TAP1,6890,7673,9.777638343120818,symbol
JAK-STAT,TRIM5,85363,12578,3.4234903429741017,symbol
JAK-STAT,PSMB8,5696,7671,5.869684020695553,symbol
JAK-STAT,TRIM38,10475,7421,3.4927261463022377,symbol
JAK-STAT,APOL4,80832,22579,2.514465674898156,symbol
JAK-STAT,PARP12,64761,9461,6.944101053238898,symbol
JAK-STAT,SAMD9L,219285,9085,10.56289910330413,symbol
JAK-STAT,APOBEC3G,60489,22654,2.826463109697765,symbol
JAK-STAT,CMTR1,23070,7766,2.78086050029633,symbol
JAK-STAT,HERC5,51191,5756,9.119642406894489,symbol
JAK-STAT,STAT2,6773,14503,4.147176067876936,symbol
JAK-STAT,OGFR,11054,21934,2.042478137505971,symbol
JAK-STAT,GBP1,2633,996,10.3986860770214,symbol
JAK-STAT,MYD88,4615,4149,4.3044307229500545,symbol
JAK-STAT,TRIM22,10346,12579,10.56745749719138,symbol
JAK-STAT,TMEM140,55281,9428,5.107141044091232,symbol
JAK-STAT,RNF213,57674,19340,4.9375160567301375,symbol
JAK-STAT,CMPK2,129607,2431,15.928771442465818,symbol
JAK-STAT,LAMP3,27074,5100,9.973230294016131,symbol
JAK-STAT,NLRC5,84166,17706,6.546845260659191,symbol
JAK-STAT,TRANK1,9881,4136,3.58887468491964,symbol
JAK-STAT,ZBP1,81030,21874,1.9414515596319637,symbol
JAK-STAT,PRKD2,25865,20856,2.1554948782429326,symbol
JAK-STAT,APOL1,8542,22581,5.347499122701419,symbol
JAK-STAT,PSMB9,5698,7674,8.15851150604537,symbol
JAK-STAT,GBP4,115361,999,8.084657669824605,symbol
JAK-STAT,CYP2J2,1573,847,2.0935776003100353,symbol
JAK-STAT,TRIM25,7706,19019,3.4141309207242134,symbol
JAK-STAT,ZC3HAV1,56829,9450,5.133726992521155,symbol
JAK-STAT,ZNFX1,57169,21810,6.496398214168282,symbol
JAK-STAT,DTX3L,151636,4716,8.35841869796418,symbol
JAK-STAT,CNP,1267,18765,2.9606567575687763,symbol
JAK-STAT,SP140L,93349,3798,2.3378632539556277,symbol
JAK-STAT,APOL3,80833,22578,4.845007401792425,symbol
JAK-STAT,CXCL11,6373,5678,15.007662719331066,symbol
JAK-STAT,PLSCR2,57047,4908,1.5066712034746164,symbol
JAK-STAT,CASP4,837,13578,2.426577480250146,symbol
JAK-STAT,IL22RA1,58985,375,1.820616941589412,symbol
MAPK,DUSP6,1848,14687,16.859015828017647,symbol
MAPK,SPRED2,200734,2801,3.5018346410222287,symbol
MAPK,SPRY2,10253,15445,9.481584748118909,symbol
MAPK,ETV5,2119,5146,5.988709605944221,symbol
MAPK,EPHA2,1969,256,6.314012446660756,symbol
MAPK,PHLDA2,7262,12504,3.8582386537955657,symbol
MAPK,FOSL1,8061,13243,9.000522308632947,symbol
MAPK,SPRY4,81848,6951,10.114470537169142,symbol
MAPK,DUSP4,1846,9870,7.80481595969638,symbol
MAPK,SLCO4A1,28231,21928,4.084538143625351,symbol
MAPK,ETV4,2118,18823,5.293783978605425,symbol
MAPK,PHLDA1,22822,14649,7.045289228921083,symbol
MAPK,ETV1,2115,8608,3.5634647887567596,symbol
MAPK,TMEM59,9528,809,-2.264272962584646,symbol
MAPK,SLC20A1,6574,3159,6.8103529671107825,symbol
MAPK,DUSP5,1847,12230,7.920030142583163,symbol
MAPK,STX1A,6804,8962,2.21515121358096,symbol
MAPK,ELK3,2004,14736,2.9961403928388033,symbol
MAPK,NT5E,4907,8034,5.838881390821937,symbol
MAPK,PHC2,1912,536,2.3954010239131938,symbol
MAPK,C11orf71,54494,13656,-2.3667576128473327,symbol
MAPK,GABARAP,11337,18227,-2.9616637855482773,symbol
MAPK,SPRED1,161742,16457,6.209948243764665,symbol
MAPK,TCOF1,6949,7011,2.2115780549288417,symbol
MAPK,BZW1,9689,3592,2.7810854305400725,symbol
MAPK,CCND1,595,13340,6.263011605459956,symbol
MAPK,AREG,374,5660,4.932286416376803,symbol
MAPK,UBA2,10054,20459,2.079878487903222,symbol
MAPK,TNFRSF10A,8797,9819,5.1730443268646376,symbol
MAPK,PWP2,5822,22221,1.3322121992984852,symbol
MAPK,PNP,4860,15649,4.91046403239136,symbol
MAPK,ECH1,1891,20600,-2.2897420836192053,symbol
MAPK,SH3BGRL,6451,23304,-2.723446509346065,symbol
MAPK,PBLD,64081,11830,-1.9776837829648104,symbol
MAPK,TRIB1,10221,10330,4.182943071629201,symbol
MAPK,GPR3,2827,442,1.630829259668156,symbol
MAPK,NNT,23530,6361,-1.819728215447125,symbol
MAPK,HMGA2,8091,14588,3.7279710730494138,symbol
MAPK,POLR3G,10622,6594,2.829483976178096,symbol
MAPK,STX8,9482,18313,-1.1064064247318124,symbol
MAPK,YRDC,79693,589,3.625646429254592,symbol
MAPK,DCBLD2,131566,4566,3.371515684787371,symbol
MAPK,SCPEP1,59342,19021,-1.9325651044928045,symbol
MAPK,SLC35F2,54733,13595,2.850982002272706,symbol
MAPK,BDH2,56898,5817,-2.4965908679407463,symbol
MAPK,ASB8,140461,14265,-1.6939961535174084,symbol
MAPK,LRP8,7804,798,4.5130042760078135,symbol
MAPK,PIK3C2B,5287,2026,-2.752686572837634,symbol
MAPK,AEN,64782,16979,3.2161182645239066,symbol
MAPK,DAZAP2,9802,14340,-1.4077949825542642,symbol
MAPK,TOP1,7150,21703,3.633408800845867,symbol
MAPK,ENTR1,10807,11369,1.5641536768461877,alias
MAPK,TRIM52,84851,7261,-2.201190386908435,symbol
MAPK,CDCA4,55038,16311,3.0102812615697476,symbol
MAPK,TNS3,64759,8841,-2.7264638130598553,symbol
MAPK,TMUB2,79089,18842,-1.6738161798694724,symbol
MAPK,FERMT1,55612,21424,2.333704655460279,symbol
MAPK,ARHGEF17,9828,13388,-1.3968910912288417,symbol
MAPK,SLC4A7,9497,4101,2.7094949939569104,symbol
MAPK,MAN2B2,23324,5361,-1.917606137235216,symbol
MAPK,PRCP,5547,13464,-1.2786844411212896,symbol
MAPK,GRPEL1,80273,5372,2.669468752664872,symbol
MAPK,SIRT2,22933,20603,-1.3232831367857096,symbol
MAPK,RAB26,25837,17193,-3.4389782720448987,symbol
MAPK,XRCC3,7517,16290,1.543756562229699,symbol
MAPK,E2F3,1871,7389,2.034348475486911,symbol
MAPK,PRNP,5621,21403,2.597310807269854,symbol
MAPK,PRNP,5621,21403,2.597310807269854,symbol
MAPK,FAM149B1,317662,11888,-1.3423423225079836,symbol
MAPK,SIDT2,51092,13673,-2.7527108754400795,symbol
MAPK,LAMB2,3913,4309,-2.392879637488782,symbol
MAPK,LDLR,3949,20108,3.073910985755288,symbol
MAPK,ZBTB3,79842,13126,-1.5691639732103673,symbol
MAPK,MCL1,4170,1365,3.012864995704336,symbol
MAPK,ZSCAN31,64288,7513,-3.3278642206561044,symbol
MAPK,WDR3,10885,1247,2.2991152990385255,symbol
MAPK,RAB5B,5869,14482,-2.0804506421112383,symbol
MAPK,CBFB,865,17773,2.3399982054575696,symbol
MAPK,MCMBP,79892,12297,1.8875507351429297,symbol
MAPK,MCCC1,56922,5099,-1.922676327375331,symbol
MAPK,SRP14,6727,16466,-1.5944123429577048,symbol
MAPK,SPG11,80208,16566,-1.337883684735978,symbol
MAPK,MIER2,54531,19777,0.9566403573575726,symbol
MAPK,KRR1,11103,14648,1.461707193553273,symbol
MAPK,NUP50,10762,22759,1.774710734835809,symbol
MAPK,GATAD2A,54815,20356,1.359238188294602,symbol
MAPK,BRIX1,55299,6294,2.8667490600742616,symbol
MAPK,FMO5,2330,1308,-1.497241656569774,symbol
MAPK,MGST3,4259,1732,-1.4528316817291829,symbol
MAPK,NHSL3,57648,524,-2.29989865248777,alias
MAPK,UBASH3B,84959,13751,4.967624011652823,symbol
MAPK,DUSP7,1849,4388,2.452508263381348,symbol
MAPK,PBX1,5087,1726,-2.9996132648084775,symbol
MAPK,RNF138,51444,19570,2.3557422074445333,symbol
MAPK,KMT5A,387893,15004,1.7409748125000095,symbol
MAPK,STK17A,9263,8798,2.9405668773324174,symbol
MAPK,SMURF2,64750,19131,3.0301617625148576,symbol
MAPK,HMGA1,3159,7713,2.8687056823089896,symbol
MAPK,PALS2,51678,8666,2.2426215753709076,alias
MAPK,MPHOSPH6,10200,17949,2.2426215753709076,symbol
NFkB,TNFAIP3,7128,8296,28.373752313465076,symbol
NFkB,CXCL2,2920,5656,9.403459957537171,symbol
NFkB,CCL20,6364,3788,36.69730786825934,symbol
NFkB,NFKBIA,4792,15813,11.444533714391747,symbol
NFkB,CXCL8,3576,5647,38.517928689387205,symbol
NFkB,RELB,5971,20797,7.779221973370105,symbol
NFkB,NFKB1,4790,5809,9.513636220891874,symbol
NFkB,TNFAIP2,7127,16280,10.910807391853329,symbol
NFkB,ICAM1,3383,20081,18.369385264106057,symbol
NFkB,IL6,3569,8650,21.77063543639199,symbol
NFkB,NFKBIE,4794,7867,8.211832847967157,symbol
NFkB,NFKB2,4791,12175,5.5155753818972135,symbol
NFkB,CXCL3,2921,5654,22.946114218850756,symbol
NFkB,SLC2A6,11182,11324,9.729988098735753,symbol
NFkB,NINJ1,4814,10927,8.012250578533656,symbol
NFkB,WTAP,9589,8416,3.7666344028884846,symbol
NFkB,BCL2A1,597,16899,14.416924573771936,symbol
NFkB,BIRC3,330,13558,12.457612174206728,symbol
NFkB,CD83,9308,7366,10.451370868343178,symbol
NFkB,TICAM1,148022,19935,3.492084673918129,symbol
NFkB,CXCL1,2919,5650,23.421858781118814,symbol
NFkB,RIPK2,8767,10152,5.979752130983626,symbol
NFkB,INHBA,3624,8789,12.467593656988871,symbol
NFkB,CSF2,1437,6752,5.903526277913062,symbol
NFkB,TNIP1,10318,7024,6.134726676621977,symbol
NFkB,DRAM1,55332,14770,9.547700357155104,symbol
NFkB,TRAF1,7185,11128,10.335576602944473,symbol
NFkB,IRAK2,3656,4002,5.3433916126853855,symbol
NFkB,TLR2,7097,6016,5.414219976041558,symbol
NFkB,TNF,7124,7601,18.639262059640444,symbol
NFkB,MSC,9242,10079,6.359206553032758,symbol
NFkB,IKBKE,9641,2057,3.341126887581698,symbol
NFkB,GCH1,2643,15907,14.02604366447971,symbol
NFkB,CXCL5,6374,5653,7.179647916578252,symbol
NFkB,IL1A,3552,3161,8.111290972216988,symbol
NFkB,BID,637,22313,4.729823539227451,symbol
NFkB,PTX3,5806,4986,21.247895638880852,symbol
NFkB,EHD1,10938,13188,5.871607384295926,symbol
NFkB,CFLAR,8837,3599,4.016711588218758,symbol
NFkB,SDC4,6385,21751,8.153400364564936,symbol
NFkB,TNIP2,79155,5321,3.3107273514982913,symbol
NFkB,TNFSF15,9966,11105,6.245847275446876,symbol
NFkB,IFNGR2,3460,22104,6.022009724753868,symbol
NFkB,MAP3K8,1326,11639,7.399205364744481,symbol
NFkB,IL1RN,3557,3169,5.151579659685664,symbol
NFkB,CYLD,1540,17651,2.773314233756522,symbol
NFkB,IL23A,51561,14502,2.0729049235948827,symbol
NFkB,IL36G,56300,3164,9.826405557861252,symbol
NFkB,CCL2,6347,18560,17.56599183253551,symbol
NFkB,KYNU,8942,3310,6.404463605575106,symbol
NFkB,STAT5A,6776,18777,3.9865610031974703,symbol
NFkB,B4GALT1,2683,10629,2.536198717973617,symbol
NFkB,IL1B,3553,3162,21.65592931073416,symbol
NFkB,TNIP3,79931,5897,8.259340938257063,symbol
NFkB,IFNAR2,3455,22100,4.683318983298864,symbol
NFkB,HIVEP1,3096,7355,3.999714880025022,symbol
NFkB,NKX3-1,4824,9827,2.37298329930962,symbol
NFkB,CFB,629,7635,6.31351994004626,symbol
NFkB,TRIP10,9322,19981,4.167561748826395,symbol
NFkB,CSF3,1440,18673,4.9031843413131,symbol
NFkB,IRF1,3659,6760,12.698009124870918,symbol
NFkB,TNFRSF9,3604,132,5.996059048130458,symbol
NFkB,CXCL6,6372,5648,8.725401427371507,symbol
NFkB,NFKBIZ,64332,4591,15.12381583682296,symbol
NFkB,CD40,958,21785,3.5202135906865246,symbol
NFkB,OLR1,4973,14046,7.842010286384952,symbol
NFkB,EFNA1,1942,1524,11.433295392016356,symbol
NFkB,C11orf96,387763,12848,4.566226064903009,symbol
NFkB,LTB,4050,7602,3.1875687917698254,symbol
NFkB,EBI3,10148,19914,7.546185210064629,symbol
NFkB,IL7R,3575,6299,8.813312335270886,symbol
NFkB,UBE2Z,65264,18942,2.152932765652571,symbol
NFkB,SOCS3,9021,19310,4.511914558622972,symbol
NFkB,ELOVL7,79993,6421,8.792115753443438,symbol
NFkB,TIFA,92610,5863,5.1441124462482355,symbol
NFkB,REL,5966,2765,4.709972556739791,symbol
NFkB,IL32,9235,17244,10.452316416252057,symbol
NFkB,NFKBIB,4793,20604,2.0655958781216768,symbol
NFkB,STX11,8676,8332,4.525232449242859,symbol
NFkB,KMO,8564,2307,3.974235064546693,symbol
NFkB,ANKLE2,23141,15078,2.2119763224409037,symbol
NFkB,NECAP2,55707,262,2.4427935008954034,symbol
NFkB,TNFAIP8,25816,6701,4.93682380456133,symbol
NFkB,TNFAIP6,7130,3332,19.18226346087704,symbol
NFkB,PPP4R4,57718,16198,2.427471574635709,symbol
NFkB,RNF19B,127544,530,6.707004337290285,symbol
NFkB,HIVEP2,3097,8319,3.951426644106167,symbol
NFkB,SOD2,6648,8415,11.156150165377186,symbol
NFkB,ANKRD33B,651746,6240,4.494298724924975,symbol
NFkB,SGPP2,130367,3763,7.416978193844607,symbol
NFkB,BIRC2,329,13559,4.0113793294825895,symbol
NFkB,CXCL11,6373,5678,15.834366797407496,symbol
NFkB,SLC11A2,4891,14335,2.686648038758446,symbol
NFkB,PRDM1,639,8105,4.41653234664008,symbol
NFkB,SLC41A2,84102,14795,4.915006504014063,symbol
NFkB,TMEM217,221468,7763,3.3538132596283843,symbol
NFkB,IL15,3600,5962,5.146568092215358,symbol
NFkB,CD80,941,4682,3.7956150755271807,symbol
NFkB,MARCKS,4082,8160,4.761373088876815,symbol
NFkB,IFIH1,64135,3380,6.0420364439095415,symbol
PI3K,MLANA,2315,10531,-9.985742932001385,symbol
PI3K,PMEL,6490,14480,-6.590348248199498,symbol
PI3K,FAXDC2,10826,7050,-12.421273827481306,symbol
PI3K,HSD17B8,7923,7686,-8.601570675649183,symbol
PI3K,CTSF,8722,13273,-9.172142735191038,symbol
PI3K,SPSB3,90864,17165,-6.533728558413287,symbol
PI3K,ATP6V1G2,534,7598,-7.23734622762513,symbol
PI3K,TYR,7299,13492,-5.076854089275833,symbol
PI3K,GNPTG,84572,17150,-6.966609574481262,symbol
PI3K,INPP5K,51763,18086,-4.530098152991319,symbol
PI3K,WDR31,114987,11086,-3.943838782329221,symbol
PI3K,PEX11G,92960,19995,-4.454613643249063,symbol
PI3K,DHRS12,79758,15358,-3.407349819095029,symbol
PI3K,NT5M,56953,18387,-3.9151305534107705,symbol
PI3K,PAEP,5047,11352,-3.803227553783662,symbol
PI3K,CREB3L4,148327,1490,-9.102651653491383,symbol
PI3K,UBALD2,283991,19271,-9.9853774649777,symbol
PI3K,ING4,51147,13955,-7.700118075528676,symbol
PI3K,DERL3,91319,22429,-4.033679424810513,symbol
PI3K,KRTAP19-1,337882,22066,-6.881951690717335,symbol
PI3K,SLC27A1,376497,20295,-8.329920839704627,symbol
PI3K,APOC1,341,20791,-5.061310146853561,symbol
PI3K,CCDC25,55246,9855,-4.339271307214771,symbol
PI3K,FCGRT,2217,20970,-6.170243405839677,symbol
PI3K,CDK5RAP3,80279,18917,-5.254766587642965,symbol
PI3K,NENF,29937,2109,-2.8622334493689188,symbol
PI3K,DNAI4,79819,886,-3.62712257526587,alias
PI3K,YBX2,51087,18232,-4.419857345074704,symbol
PI3K,TFDP2,7029,4891,-5.673588227241949,symbol
PI3K,AMIGO1,57463,1130,-6.000321012752048,symbol
PI3K,CA14,23632,1353,-4.8380402218900445,symbol
PI3K,CBX7,23492,22656,-6.437220252849626,symbol
PI3K,MCAM,4162,13730,5.1250827229370985,symbol
PI3K,CRYL1,51084,15108,-7.333026179077128,symbol
PI3K,RPS29,6235,15857,-5.844440866132715,symbol
PI3K,SMIM19,114926,9954,-7.210559011995469,symbol
PI3K,SLC18A1,6570,9779,4.652092527198795,symbol
PI3K,FBXO25,26260,9653,-7.033029734440918,symbol
PI3K,C5orf52,100190949,7068,12.2398089550562,symbol
PI3K,TNNI3,7137,21184,-3.672194421567192,symbol
PI3K,S100A1,6271,1478,-3.9889239561922634,symbol
PI3K,TTC12,54970,13644,-3.184873043345917,symbol
PI3K,THNSL2,55258,2988,-4.318340579293939,symbol
PI3K,GAA,2548,19335,-5.367784104422635,symbol
PI3K,BAAT,570,11005,-3.5575387810909405,symbol
PI3K,CTDSP1,58190,3711,-5.567569317532474,symbol
PI3K,LINC02915,400360,16461,5.811047984831319,alias
PI3K,COQ8A,56997,2200,-6.388212374885499,alias
PI3K,FCMR,9214,2066,-4.9268801140836676,symbol
PI3K,TBC1D15,64786,14635,-5.412631039798617,symbol
PI3K,TSNARE1,203062,10392,-2.4315033012720155,symbol
PI3K,TMEM42,131616,4222,-7.989326747815277,symbol
PI3K,MYL5,4636,5281,-5.238296460556685,symbol
PI3K,GEMIN8,54960,22880,-4.1331773597269486,symbol
PI3K,WIPI2,26100,8555,-3.153066059934722,symbol
PI3K,MST1,4485,4326,-4.986885635605013,symbol
PI3K,TRIM63,84676,405,-5.528597674095491,symbol
PI3K,CFAP68,64776,13622,-3.334272746585415,alias
PI3K,MFGE8,4240,16983,-5.901530454949852,symbol
PI3K,HSBP1L1,440498,19762,-6.893156914442496,symbol
PI3K,FHIT,2272,4461,-4.615166946689442,symbol
PI3K,MIR1915HG,399726,11581,4.952741484702064,alias
PI3K,RGS10,6001,12293,-3.880397339458384,symbol
PI3K,GLI4,2738,10414,-3.0980704897335043,symbol
PI3K,VAMP5,10791,2953,-4.361074003426954,symbol
PI3K,CYTL1,54360,5351,-4.865441636391191,symbol
PI3K,TPPP,11076,6179,-2.5431181614359892,symbol
PI3K,CAMLG,819,6792,-5.795703744854614,symbol
PI3K,PSMG3-AS1,114796,8524,-8.013276583314173,symbol
PI3K,CIR1,9541,3455,-5.023161182851439,symbol
PI3K,DNAL4,10126,22644,-4.445867274988094,symbol
PI3K,LRRC23,10233,13972,-3.293253110465093,symbol
PI3K,METTL27,155368,8967,-4.549873055159501,alias
PI3K,SLC26A4,5172,9276,-3.7388398905078617,symbol
PI3K,INO80C,125476,19585,4.108217478616809,symbol
PI3K,AEBP1,165,8812,-4.092610787679307,symbol
PI3K,CREBRF,153222,7144,-10.446075274188331,symbol
PI3K,CCDC28A,25901,8304,-8.060678441208225,symbol
PI3K,BEGAIN,57596,16252,-4.19647716673333,symbol
PI3K,COMMD6,170622,15415,-3.4624391132898946,symbol
PI3K,ARSJ,79642,5870,7.061080781879236,symbol
PI3K,ZSCAN2,54993,16955,-3.158743453547724,symbol
PI3K,NR2E1,7101,8118,-2.721518097674834,symbol
PI3K,ZNF554,115196,19872,-2.674978238623077,symbol
PI3K,MRPL10,124995,18909,-4.871654250241907,symbol
PI3K,ZNF76,7629,7727,-2.7922559348309233,symbol
PI3K,FBXO44,93611,180,-3.9997339422455633,symbol
PI3K,GAREM2,150946,2539,-4.09273889946688,symbol
PI3K,ALG14,199857,1046,4.41613921979738,symbol
PI3K,MAP1B,4131,6487,7.023693054345393,symbol
PI3K,CPXM1,56265,21368,-4.042038136700408,symbol
PI3K,ZNF396,252884,19584,-2.538048216193178,symbol
PI3K,MROH6,642475,10424,-4.4189955792508675,symbol
PI3K,CRBN,51185,3948,-6.898717232743581,symbol
PI3K,ARL2,402,13195,-4.9077335565809275,symbol
PI3K,PPP1R26,9858,11346,-3.724242870157187,symbol
PI3K,RNF44,22838,7174,-5.734313173211764,symbol
PI3K,RTN2,6253,20814,-7.4856496310395055,symbol
PI3K,ACBD4,79777,18869,-3.2096475771496955,symbol
PI3K,WHRN,25861,11101,-5.152013438342302,alias
TGFb,LINC00312,29931,3966,4.428987093533769,symbol
TGFb,TSPAN2,10100,1222,5.502326115825906,symbol
TGFb,SMAD7,4092,19629,7.6311433745336785,symbol
TGFb,NOX4,50507,13493,5.913813151649488,symbol
TGFb,COL4A1,1282,15558,6.337489574832423,symbol
TGFb,CAVIN4,347273,11003,4.597343338672102,alias
TGFb,ID4,3400,7387,4.169901350129046,symbol
TGFb,BMPR2,659,3615,4.015505031468152,symbol
TGFb,SKIL,6498,5044,4.274181219360634,symbol
TGFb,RASL11B,65997,5546,2.723009870350084,symbol
TGFb,COMP,1311,20336,9.899249960355174,symbol
TGFb,LMCD1,29995,3965,5.6752815262663745,symbol
TGFb,MRAS,22808,4861,5.201966581087301,symbol
TGFb,ID1,3397,21565,12.35428766106149,symbol
TGFb,SYT15,83849,11717,3.8577431538796345,symbol
TGFb,CILP,8483,16722,4.651003963661555,symbol
TGFb,CNN1,1264,20126,4.9534712486596835,symbol
TGFb,ADAM12,8038,12351,3.9683045345005423,symbol
TGFb,ITGA11,22801,16756,3.392697565271868,symbol
TGFb,COL5A1,1289,11337,5.221051245569531,symbol
TGFb,MFAP4,4239,18434,5.813038501128244,symbol
TGFb,FSTL3,10272,19791,6.807359103417256,symbol
TGFb,IL11,3589,21196,6.3308961562903,symbol
TGFb,ID3,3399,361,10.481113198178958,symbol
TGFb,NINJ2,4815,13885,3.875626595885944,symbol
TGFb,PLN,5350,8193,2.748323221858972,symbol
TGFb,BGN,633,23668,3.2378399997614276,symbol
TGFb,CRLF1,9244,20332,4.825293111819741,symbol
TGFb,CALD1,800,9425,3.0516355894313545,symbol
TGFb,MYOZ1,58529,11898,4.962474849517782,symbol
TGFb,COL4A2,1284,15559,4.2212636778339165,symbol
TGFb,NOX1,27035,23335,-1.0457633749156092,symbol
TGFb,PMEPA1,56937,21875,8.096140880827011,symbol
TGFb,SAMD11,148398,18,4.983084704372779,symbol
TGFb,COL1A1,1277,18973,3.566081042355256,symbol
TGFb,NUAK1,9891,14804,6.095429922441628,symbol
TGFb,ATP10A,57194,16376,2.784857146576994,symbol
TGFb,CDH2,1000,19554,3.2883102380649416,symbol
TGFb,LTBP2,4053,16074,4.372793934796392,symbol
TGFb,EFR3B,22979,2532,1.334349902165432,symbol
TGFb,TPM1,7168,16688,4.595360809462762,symbol
TGFb,XYLT1,64131,17377,3.197715603002688,symbol
TGFb,SLCO2A1,6578,4838,4.869788433437289,symbol
TGFb,SYNDIG1,79953,21532,1.8364038596773584,symbol
TGFb,GRIA3,2892,23500,1.0868126315283173,symbol
TGFb,XRCC4,7518,6573,3.3772318622335034,symbol
TGFb,GDF5,8200,21637,-1.939559485845836,symbol
TGFb,RUSC2,9853,10681,2.3531795656616517,symbol
TGFb,ACOX3,8310,5382,2.721528765151428,symbol
TGFb,LECT2,3950,6810,2.908951370740283,symbol
TGFb,UNC5B,219699,11868,3.8338195218086257,symbol
TGFb,GALNT10,55568,7044,3.047077072676757,symbol
TGFb,ACTC1,70,16444,3.337429797192697,symbol
TGFb,LRRC32,2615,13431,5.293595631394943,symbol
TGFb,OPCML,4978,13859,4.467950883084327,symbol
TGFb,CLDN11,5010,5045,-3.6902833957792103,symbol
TGFb,PKNOX2,63876,13802,2.048491739898756,symbol
TGFb,RFLNB,359845,18071,7.309130128341854,alias
TGFb,LRRC15,131578,5211,2.304595154447725,symbol
TGFb,PODNL1,79883,20197,2.1489096837018176,symbol
TGFb,DACT1,51339,15937,6.22087968552156,symbol
TGFb,HSD17B6,8630,14515,4.782527287277279,symbol
TGFb,GOPC,57120,8187,2.8545176084128645,symbol
TGFb,AK5,26289,934,-3.357132440141041,symbol
TGFb,RASD2,23551,22573,3.384557152221155,symbol
TGFb,KIRREL3,84623,13825,2.542385559563426,symbol
TGFb,SH3PXD2A,9644,12206,3.879791808934377,symbol
TGFb,ABCA6,23460,19167,-3.2715368950351578,symbol
TGFb,FBLN5,10516,16169,4.92248525622834,symbol
TGFb,MEX3B,84206,16916,3.978292370254286,symbol
TGFb,C3orf80,401097,5003,4.809037463388701,symbol
TGFb,PLCB4,5332,21432,3.9338902853869087,symbol
TGFb,ISLR2,57611,16812,2.468060087597712,symbol
TGFb,YIPF5,81555,6960,2.8119363564910023,symbol
TGFb,MSR1,4481,9757,-1.764838201889795,symbol
TGFb,LRRN4CL,221091,13120,-3.784515126527989,symbol
TGFb,OLFM2,93145,20068,2.0653759894084955,symbol
TGFb,CHST3,9469,11875,2.221800857294827,symbol
TGFb,TUFT1,7286,1399,6.010991297185908,symbol
TGFb,SPHK1,8877,19274,6.090111538628698,symbol
TGFb,ABCA8,10351,19164,-1.709245079884809,symbol
TGFb,SEMA7A,8482,16818,3.894772044538674,symbol
TGFb,P2RX1,5023,18143,2.7581382924767666,symbol
TGFb,RXFP1,59350,6040,-2.2777179298285644,symbol
TGFb,CDKN2B,1030,10597,3.373728102887283,symbol
TGFb,PAWR,5074,14658,2.5534342854783194,symbol
TGFb,SNAI1,6615,21818,3.5681739305015414,symbol
TGFb,LIMS2,55679,3227,2.27494674124209,symbol
TGFb,TNFSF4,7292,1805,5.503893035236932,symbol
TGFb,NEDD9,4739,7351,4.361192810292332,symbol
TGFb,SMAD6,4091,16743,2.798265386251439,symbol
TGFb,DGKI,9162,9440,2.2411436132070746,symbol
TGFb,BCOR,54880,22998,2.735746492923183,symbol
TGFb,SGPL1,8879,11866,2.583923273015123,symbol
TGFb,SMURF1,57154,9125,1.538153232693425,symbol
TGFb,SPECC1,92521,18442,2.57411375293421,symbol
TGFb,ARFGAP1,55738,21951,2.073401170152749,symbol
TGFb,UACA,55075,16773,2.6166466705245015,symbol
TGFb,SLC16A2,6567,23275,3.140899092037142,symbol
TGFb,DCBLD1,285761,8186,3.8990109307813903,symbol
TNFa,TNFAIP3,7128,8296,35.40071755147807,symbol
TNFa,IFNAR2,3455,22100,7.580700686140321,symbol
TNFa,CSF2,1437,6752,8.35548063730208,symbol
TNFa,NFKBIE,4794,7867,10.356205366989286,symbol
TNFa,EFNA1,1942,1524,18.631109384930618,symbol
TNFa,RELB,5971,20797,9.26459378466974,symbol
TNFa,CXCL8,3576,5647,45.44182721623888,symbol
TNFa,ICAM1,3383,20081,22.03934071980157,symbol
TNFa,CXCL5,6374,5653,10.081367932472132,symbol
TNFa,LTB,4050,7602,4.827311631466724,symbol
TNFa,IL32,9235,17244,15.963619088902076,symbol
TNFa,TLR2,7097,6016,7.039357768205023,symbol
TNFa,TNFAIP2,7127,16280,12.213726703415444,symbol
TNFa,NFKBIA,4792,15813,12.567700437723602,symbol
TNFa,BCL2A1,597,16899,17.22500760515418,symbol
TNFa,INHBA,3624,8789,15.563198677198198,symbol
TNFa,IL36G,56300,3164,13.425174324449806,symbol
TNFa,SERPINA3,12,16208,11.405799324373938,symbol
TNFa,PLAU,5328,11911,11.492884155720912,symbol
TNFa,CCL20,6364,3788,38.38796712436,symbol
TNFa,SLC2A6,11182,11324,10.249108343655784,symbol
TNFa,MRGPRX3,117195,12728,10.786210563963566,symbol
TNFa,NINJ1,4814,10927,8.560734676796455,symbol
TNFa,CXCL3,2921,5654,23.758105672194567,symbol
TNFa,BIRC3,330,13558,13.582045497557385,symbol
TNFa,IFNGR2,3460,22104,7.3777888714754125,symbol
TNFa,TCIM,56892,9936,8.472723921002293,alias
TNFa,BID,637,22313,5.60413176278799,symbol
TNFa,CSF3,1440,18673,6.343140375426898,symbol
TNFa,NFKB1,4790,5809,9.348958018199768,symbol
TNFa,CXCL2,2920,5656,8.954759574671543,symbol
TNFa,DRAM1,55332,14770,10.758252373531665,symbol
TNFa,PPP4R4,57718,16198,3.3280546089658753,symbol
TNFa,CD83,9308,7366,11.002664858510604,symbol
TNFa,IKBKE,9641,2057,3.773163181244649,symbol
TNFa,CLDN1,9076,5183,9.089955595164122,symbol
TNFa,C1QTNF1,114897,19323,5.762291356418425,symbol
TNFa,IRF1,3659,6760,15.650726704349548,symbol
TNFa,NKX3-1,4824,9827,2.871632769332402,symbol
TNFa,TRIM47,91107,19255,5.244304088277187,symbol
TNFa,CXCL6,6372,5648,10.517614056873304,symbol
TNFa,TNIP1,10318,7024,6.429594434462538,symbol
TNFa,MMP12,4321,13569,6.477017108768284,symbol
TNFa,BMP2,650,21426,8.582446164835554,symbol
TNFa,CFB,629,7635,7.426735426480381,symbol
TNFa,CCL2,6347,18560,19.84618276040007,symbol
TNFa,TICAM1,148022,19935,3.4637566632122025,symbol
TNFa,CTHRC1,115908,10245,9.459560282116046,symbol
TNFa,IL6,3569,8650,19.70357332798217,symbol
TNFa,NFKB2,4791,12175,5.002450148328656,symbol
TNFa,SOD2,6648,8415,13.62311027435944,symbol
TNFa,MMP9,4318,21782,12.588757730190256,symbol
TNFa,RHCG,51458,16989,3.101600356415304,symbol
TNFa,TIFA,92610,5863,6.052292771609127,symbol
TNFa,MMP10,4319,13565,8.347427839604803,symbol
TNFa,TAPBP,6892,7695,3.979742516720568,symbol
TNFa,IGFL1,374918,20844,8.951569979952977,symbol
TNFa,B4GALT1,2683,10629,2.7458532611816775,symbol
TNFa,DTX2,113878,9008,2.931319728324946,symbol
TNFa,TNIP2,79155,5321,3.3942899778951263,symbol
TNFa,PTX3,5806,4986,21.50273416683471,symbol
TNFa,CYLD,1540,17651,2.875463653861722,symbol
TNFa,EDN1,1906,7356,7.585623802775744,symbol
TNFa,TMEM217,221468,7763,4.038150679601343,symbol
TNFa,RIPK2,8767,10152,5.572407893721106,symbol
TNFa,SDC4,6385,21751,8.12277620754622,symbol
TNFa,USP43,124739,18315,3.4492245557244177,symbol
TNFa,RND1,27289,14284,4.684880682722876,symbol
TNFa,BDKRB1,623,16226,4.922306051821282,symbol
TNFa,BIRC2,329,13559,4.671661250669304,symbol
TNFa,CTSS,1520,1369,6.3975388341766894,symbol
TNFa,MMP13,4322,13570,7.1057590330167395,symbol
TNFa,ETS1,2113,13831,4.591170934354626,symbol
TNFa,APBA3,9546,19899,2.177085765123919,symbol
TNFa,TYMP,1890,22817,4.018625143360947,symbol
TNFa,NECAP2,55707,262,2.727408520220788,symbol
TNFa,C11orf96,387763,12848,4.766669050666692,symbol
TNFa,ANKLE2,23141,15078,2.3679316803426,symbol
TNFa,WTAP,9589,8416,3.2215281990206424,symbol
TNFa,TRAF1,7185,11128,9.396001195110344,symbol
TNFa,SQOR,58472,16586,5.95671516807764,alias
TNFa,UBE2Z,65264,18942,2.248799621815309,symbol
TNFa,CXCL1,2919,5650,20.42654598346696,symbol
TNFa,KRT6B,3854,14366,4.416223266815222,symbol
TNFa,CLUHP3,100132341,17603,1.9472882155556552,symbol
TNFa,CFLAR,8837,3599,3.7265442353972937,symbol
TNFa,SRGN,5552,11842,3.9513283861811814,symbol
TNFa,GPR176,11245,16464,3.0121862726163635,symbol
TNFa,C3,718,19979,9.89843789140028,symbol
TNFa,TNFAIP1,7126,18476,2.77854938464495,symbol
TNFa,SLC41A2,84102,14795,5.357994940261768,symbol
TNFa,PDPN,10630,227,2.3542506787145947,symbol
TNFa,IL1RN,3557,3169,4.754297985994012,symbol
TNFa,AKR1B1,231,9421,6.596693035594108,symbol
TNFa,GSAP,54103,9017,4.868162413678591,symbol
TNFa,UXS1,80146,3109,4.234970822197877,symbol
TNFa,RHBDL2,54933,602,3.677837371267748,symbol
TNFa,NFKBIB,4793,20604,2.087127406943084,symbol
TNFa,IL15,3600,5962,5.507100222307256,symbol
TNFa,STAT5A,6776,18777,3.633489294363245,symbol
Trail,FRMPD1,22844,10721,-2.2346142429872535,symbol
Trail,WT1-AS,51352,12799,2.225105360384251,symbol
Trail,WNT8A,7478,6823,-1.8469616099390895,symbol
Trail,GPR18,2841,15503,3.2408048258403106,symbol
Trail,TEC,7006,5528,2.0513216388446684,symbol
Trail,TAS2R5,54429,9481,-2.176068075314979,symbol
Trail,NPY,4852,8665,1.60672627320766,symbol
Trail,KLHL14,57565,19574,-1.762760000960198,symbol
Trail,RAG2,5897,12836,1.571449059191501,symbol
Trail,SCNN1D,6339,36,-1.4200458064659192,symbol
Trail,ZIM3,114026,21250,1.498060659268145,symbol
Trail,C17orf99,100141515,19303,2.213003215232074,symbol
Trail,RHEBL1,121268,14293,4.128711528789865,symbol
Trail,GNL3L,54552,23163,-2.059139733833549,symbol
Trail,TLDC2,140711,21664,1.7471644560687452,symbol
Trail,KASH5,147872,20959,1.6994590812716333,alias
Trail,TMEM259,91304,19807,-1.4901164662989912,symbol
Trail,CALML6,163688,67,1.6775881055019897,symbol
Trail,TMEM273,170371,11751,2.0389521808061852,alias
Trail,CST7,8530,21533,2.084534800857333,symbol
Trail,DMRTC2,63946,20698,-1.4874649932723798,symbol
Trail,NPW,283869,17187,-2.20001978697375,symbol
Trail,ADAMTS17,170691,17064,-1.5773492573585983,symbol
Trail,MS4A1,931,13053,1.479370071782234,symbol
Trail,FLCN,201163,18385,1.593439448237178,symbol
Trail,AGAP6,414189,11769,-1.8548930173359528,symbol
Trail,LINC03043,154872,9351,-1.43061942551172,alias
Trail,HVCN1,84329,14863,2.1822532622856,symbol
Trail,WFDC10A,140832,21764,1.5981959590783616,symbol
Trail,LIM2,3982,21055,1.123151435766687,symbol
Trail,TESPA1,9840,14449,0.9666588741374412,symbol
Trail,CD1A,909,1609,1.6916094831884645,symbol
Trail,ZNRF4,148066,19941,1.03388541926211,symbol
Trail,WDR97,340390,10451,-1.3506488351485857,symbol
Trail,HTR1F,3355,4534,-1.436708264256362,symbol
Trail,TRIM72,493829,17590,1.5866385550003113,symbol
Trail,PDAP1,11333,9130,-1.3704966032123196,symbol
Trail,RAB37,326624,19211,2.947927917738633,symbol
Trail,CCDC28A-AS1,100507462,8303,-1.632533040853792,alias
Trail,LSM12,124801,18836,-1.9787703156243888,symbol
Trail,DNAJB8,165721,4774,-1.3663966648633838,symbol
Trail,BHMT,635,6540,1.276672382636482,symbol
Trail,BRS3,680,23575,0.8574735612780043,symbol
Trail,KRT35,3886,18743,1.08224727064896,symbol
Trail,KCNA5,3741,13931,1.4800500658955051,symbol
Trail,ATP5F1E,514,21894,1.4563903905956763,alias
Trail,KCNAB3,9196,18280,-0.951733669534874,symbol
Trail,TLR10,81793,5472,-1.518578263933709,symbol
Trail,MYOC,4653,1793,1.001947096180015,symbol
Trail,RRP12,23223,12096,-1.140568662757773,symbol
Trail,SPINK2,6691,5575,1.3331660939551442,symbol
Trail,RNF175,285533,6017,2.80090306130311,symbol
Trail,TMEM74,157753,10260,1.23206479186322,symbol
Trail,CBFA2T3,863,18029,2.0847503708249637,symbol
Trail,OR5K1,26339,4559,-1.2612460538902648,symbol
Trail,UAP1L1,91373,11410,2.7973723557199803,symbol
Trail,STEEP1,63932,23473,-1.3793938976580724,alias
Trail,TAS2R9,50835,14063,1.11704778475682,symbol
Trail,GLIPR1L1,256710,14645,1.1622241729387786,symbol
Trail,NFAM1,150372,22721,1.1389091200150856,symbol
Trail,BACH2,60468,8068,1.939233902245995,symbol
Trail,NDST3,9348,5875,0.966563798250112,symbol
Trail,VHL,7428,4001,-1.1923081070046433,symbol
Trail,SLC7A9,11136,20441,1.2157107689110207,symbol
Trail,IFNLR1,163702,376,1.714247303156265,symbol
Trail,RGSL1,353299,1873,0.8317474214346863,symbol
Trail,DDX19A,55308,17858,-1.456258613225155,symbol
Trail,GH1,2688,19114,0.7103620260458975,symbol
Trail,DDX42,11325,19105,-1.398836095701123,symbol
Trail,AGAP4,119016,11715,-2.574493363329712,symbol
Trail,OVOL3,728361,20529,0.8709491112709934,symbol
Trail,LCA5L,150082,22165,1.259311043074329,symbol
Trail,NLRP9,338321,21218,1.2592040112566834,symbol
Trail,MED18,54797,460,-1.8389796442172464,symbol
Trail,CD79A,973,20700,0.973768673164574,symbol
Trail,MCCC2,64087,6485,-1.5768266135876654,symbol
Trail,AFMID,125061,19306,-2.3130551431257875,symbol
Trail,ODAD3,115948,20121,1.339219565318123,alias
Trail,XAB2,56949,20001,1.3952715996439196,symbol
Trail,OR1D2,4991,18118,1.0070387474722884,symbol
Trail,ASZ1,136991,9318,1.178534516706493,symbol
Trail,RBBP5,5929,2032,-1.6934393976864148,symbol
Trail,MED12L,116931,4945,1.3554099904795696,symbol
Trail,QPCTL,54814,20824,-1.0947281396271689,symbol
Trail,HTR3C,170572,5113,1.0882583303983988,symbol
Trail,RFPL3,10738,22557,1.0796540441100462,symbol
Trail,MS4A5,64232,13052,0.9477577680782964,symbol
Trail,EPB42,2038,16537,0.9258457795433074,symbol
Trail,CLVS1,157807,10022,-1.2863268876552971,symbol
Trail,TTC16,158248,11209,1.0100425178189505,symbol
Trail,VIPR2,7434,9648,0.6960471915006315,symbol
Trail,FMNL1,752,18872,1.2568113488975738,symbol
Trail,ZNF99,7652,20399,-0.992769199540952,symbol
Trail,TXNL1,9352,19664,-1.1387778548620822,symbol
Trail,SPATA46,284680,1713,1.2152591977316571,alias
Trail,VPREB3,29802,22424,1.9346643133862609,symbol
Trail,FAAP24,91442,20443,-1.373246413704388,symbol
Trail,ADAMTSL5,339366,19832,1.2043014133372123,symbol
Trail,NAP1L4,4676,12505,-0.9598660971932734,symbol
Trail,LILRA2,11027,21162,1.048734964207806,symbol
VEGF,CRACD,57482,5567,-4.8711900304965905,alias
VEGF,VWA8,23078,15267,-3.606804340408493,symbol
VEGF,NLGN1,22871,5060,-5.61807493255322,symbol
VEGF,NRG3,10718,11964,-5.823747328850695,symbol
VEGF,KCNK10,54207,16143,2.883306363931166,symbol
VEGF,HTR1F,3355,4534,-2.2364597930220778,symbol
VEGF,EPHA3,2042,4538,-4.434085608580629,symbol
VEGF,ZNF257,113835,20390,-4.556145548139363,symbol
VEGF,JCHAIN,3512,5631,-3.347995012762441,symbol
VEGF,PHACTR3,116154,21899,-9.249968612082682,symbol
VEGF,HACD4,401494,10574,-3.762313919779542,symbol
VEGF,VPREB3,29802,22424,-3.3923379350007634,symbol
VEGF,NCKAP5,344148,3284,-8.071059398131732,symbol
VEGF,CYTL1,54360,5351,3.4783279013951853,symbol
VEGF,NID2,22795,15889,-4.917471725170819,symbol
VEGF,SCML4,256380,8115,-1.878268205527691,symbol
VEGF,XKR4,114786,9990,-3.632515763615389,symbol
VEGF,CPA6,57094,10063,-2.5637682550218517,symbol
VEGF,PKHD1L1,93035,10264,-2.1052040386225586,symbol
VEGF,ART4,420,14117,-2.064522495593021,symbol
VEGF,VASH2,79805,2118,-3.04376019627761,symbol
VEGF,SPINK2,6691,5575,-1.891189378201046,symbol
VEGF,EPN2,22905,18429,10.766190218432923,symbol
VEGF,MYO3A,53904,11607,-1.9521780420749844,symbol
VEGF,VPREB1,7441,22401,-3.1796901692438966,symbol
VEGF,UNC5D,137970,9898,-2.5394275494386593,symbol
VEGF,IGLL1,3543,22419,-3.384890550843615,symbol
VEGF,TMCC3,57458,14720,7.271993918756322,symbol
VEGF,SMAD1,4086,5979,-3.8011115644634703,symbol
VEGF,RORB,6096,10821,-2.774477402073862,symbol
VEGF,CCDC81,60494,13481,-2.3013636649140867,symbol
VEGF,IRAG2,4033,14165,-3.312305070115477,alias
VEGF,CD72,971,10684,-2.717726388533283,symbol
VEGF,SRGAP2,23380,2056,-4.340003643824051,symbol
VEGF,PIEZO2,63895,19483,-1.891097003678188,symbol
VEGF,BEND4,389206,5505,-2.470928435437117,symbol
VEGF,GP5,2814,5212,-1.5919264340509562,symbol
VEGF,CDC37L1,55664,10518,3.3029194866435816,symbol
VEGF,CCM2,83605,8830,4.274565169024873,symbol
VEGF,ALDH1A1,216,10817,-6.402508328154738,symbol
VEGF,SPAG6,9576,11590,-1.5709152686418195,symbol
VEGF,ZNF597,146434,17263,3.020880055459865,symbol
VEGF,NUDT19,390916,20439,-9.11136805816042,symbol
VEGF,CRYM,1428,17415,3.4610332609011807,symbol
VEGF,ANKS1B,56899,14750,-2.57751849088035,symbol
VEGF,ZNF669,79862,2341,-2.1874532085885523,symbol
VEGF,P2RY14,9934,4947,2.8300020949268188,symbol
VEGF,ZNF347,84671,21112,3.0310536501075847,symbol
VEGF,IMMP2L,83943,9287,-2.01199922020731,symbol
VEGF,C1QTNF4,114900,12904,-1.859168026274888,symbol
VEGF,CD93,22918,21514,3.080460251428571,symbol
VEGF,PTCH1,5727,10946,-2.784163823230688,symbol
VEGF,ADGRD1,283383,15056,-3.686645232646942,symbol
VEGF,IKZF3,22806,18666,-1.6069478763992708,symbol
VEGF,AHRR,57491,6171,18.5042225173004,symbol
VEGF,RGL1,23179,1888,9.312973586573625,symbol
VEGF,HMHB1,57824,6959,-1.709453283798115,symbol
VEGF,SENP5,205564,5251,1.8655494571140576,symbol
VEGF,ZNF200,7752,17253,3.504692053097271,symbol
VEGF,MZB1,51237,6844,-1.7013074123621696,symbol
VEGF,NKD2,85409,6184,3.8953837260047064,symbol
VEGF,CNR1,1268,8052,-1.4561375900150673,symbol
VEGF,DCHS2,54798,6019,-1.7317454315883083,symbol
VEGF,TTC28,23331,22483,-2.073896421754878,symbol
VEGF,XK,7504,22985,-4.115595055397848,symbol
VEGF,WNT16,51384,9328,-2.03801122829194,symbol
VEGF,ZNF415,55786,21111,-2.783465058459749,symbol
VEGF,SMCO3,440087,14116,-2.1019845722626846,symbol
VEGF,BCAR3,8412,1034,5.832010393160435,symbol
VEGF,LMO2,4005,12815,3.651742989258342,symbol
VEGF,CAMK4,814,6657,-2.5470576373038605,symbol
VEGF,ARL9,132946,5572,-2.323345400183588,symbol
VEGF,FAT1,2195,6154,-5.105384181917695,symbol
VEGF,PLAA,9373,10607,2.3023833908939983,symbol
VEGF,RUBCNL,80183,15312,3.1367475160911016,alias
VEGF,CPVL,54504,8707,-4.0383857404609005,symbol
VEGF,MYEF2,50804,16590,-2.3686464295413723,symbol
VEGF,CSMD1,64478,9666,-1.3544722047731637,symbol
VEGF,TMSB15B,286527,23391,-2.2212495971070054,symbol
VEGF,DGKE,8526,19017,1.5475614473782888,symbol
VEGF,LIPC,3990,16663,-2.3050569576885223,symbol
VEGF,ALKBH1,8846,16120,1.755942028468947,symbol
VEGF,HOXD10,3236,3468,-1.8270196328254271,symbol
VEGF,CCDC141,285025,3497,-1.5880119781607391,symbol
VEGF,SAP30BP,29115,19248,1.7531166229969712,symbol
VEGF,NPTX1,4884,19343,2.3786718041515704,symbol
VEGF,IL21R,50615,17472,2.5436936116743767,symbol
VEGF,KIF26A,26153,16298,-2.1074504888575207,symbol
VEGF,ANXA5,308,5899,-5.268782703424574,symbol
VEGF,TRPC6,7225,13553,-2.1253456820911896,symbol
VEGF,SLC38A4,55089,14251,-2.2295562647496485,symbol
VEGF,SLFN13,146857,18581,-3.5315526394775434,symbol
VEGF,ZNF202,7753,13760,2.3065370796653744,symbol
VEGF,ASTE1,28990,4813,2.65124034624065,symbol
VEGF,GRIP1,23426,14594,-1.6175279401412324,symbol
VEGF,SST,6750,5170,-1.2248248638572286,symbol
VEGF,CAPSL,133690,6300,-2.4983608220933804,symbol
VEGF,SLC25A43,203427,23470,-4.358305529742228,symbol
VEGF,GPR68,8111,16164,2.157206936951082,symbol
VEGF,TBX1,6899,22345,-1.0038627707801815,symbol
WNT,BMP4,652,15901,5.93683107305,symbol
WNT,SIGLEC6,946,21062,2.0207361471,symbol
WNT,NPY2R,4887,6026,1.38723387106,symbol
WNT,CSF3R,1441,576,1.93231537539,symbol
WNT,KRT23,25984,18700,4.12161155069,symbol
WNT,FGF20,26281,9758,-2.0880306196,symbol
WNT,FGF3,2248,13344,-1.75149878034,symbol
WNT,MSX1,4487,5349,4.13090389196,symbol
WNT,RNF43,54894,19045,3.62818214446,symbol
WNT,CYP24A1,1591,21850,4.69230392105,symbol
WNT,BMP7,655,21866,2.09307161751,symbol
WNT,NTF3,4908,13933,2.27388978335,symbol
WNT,FGD2,221472,7761,1.63117929701,symbol
WNT,ALOX12,239,18212,-2.38809168835,symbol
WNT,ANKRD1,27063,12031,5.75344104425,symbol
WNT,FOXJ2,55810,13999,1.31222701553,symbol
WNT,KIF26B,55083,2330,1.36180050783,symbol
WNT,RUBCNL,80183,15312,2.90072733261,alias
WNT,KLK10,5655,21038,2.00418100752,symbol
WNT,SYT12,91683,13286,-1.25326075663,symbol
WNT,CACNA1E,777,1867,1.07499664802,symbol
WNT,LY86,9450,7317,1.59625220102,symbol
WNT,SLC7A8,23428,15709,-2.4843729916,symbol
WNT,ANO2,57101,13934,1.36220022375,symbol
WNT,GPR22,2845,9272,-1.02298721746,symbol
WNT,TCTN2,79867,15013,-1.51731000002,symbol
WNT,PLA2R1,22925,3365,-1.1473081003,symbol
WNT,SBSPON,157869,10086,1.4732102099,symbol
WNT,GFRA2,2675,9786,1.36711872351,symbol
WNT,MSX2,4488,7156,1.56657068981,symbol
WNT,CPLX2,10814,7161,-1.04050048512,symbol
WNT,SNTB1,6641,10294,1.76849258398,symbol
WNT,RBMS2,5939,14509,2.11730003842,symbol
WNT,C2CD3,26005,13399,1.45436019911,symbol
WNT,IRS1,3667,3778,3.18782977995,symbol
WNT,SNCAIP,9627,6711,1.43635014664,symbol
WNT,SFRP5,6425,12110,-1.07940364175,symbol
WNT,ZNF613,79898,21076,1.33650285529,symbol
WNT,ARL4C,10123,3861,3.27342846498,symbol
WNT,CAMK1D,57118,11530,1.84366782207,symbol
WNT,RAP2B,5912,4961,2.32707816213,symbol
WNT,SYK,6850,10901,-1.72470371194,symbol
WNT,ZNF385D,79750,4081,-1.28117922528,symbol
WNT,HOXB3,3213,18928,1.15163784334,symbol
WNT,B3GNT2,10678,2778,2.16641085465,symbol
WNT,TDRKH,11022,1405,-1.71027369375,symbol
WNT,KLHL4,56062,23316,1.54051285835,symbol
WNT,C4BPB,725,2072,1.60281111775,symbol
WNT,PRDM5,11107,5895,0.987983717211,symbol
WNT,IL12RB1,3594,20311,0.839411846655,symbol
WNT,TSHZ2,128553,21845,-1.23388644759,symbol
WNT,MAB21L4,79919,3914,2.50620955677,alias
WNT,FOXF1,2294,17988,-1.92842044692,symbol
WNT,ZNF701,55762,21095,1.03723151382,symbol
WNT,UPK1B,7348,4674,1.62050396442,symbol
WNT,OLFM4,10562,15377,-1.42315030737,symbol
WNT,AVPR1A,552,14570,-0.583503378752,symbol
WNT,RASGRP2,10235,13182,-1.28386241053,symbol
WNT,DLX5,1749,9110,1.64452023135,symbol
WNT,CLDN4,1364,8966,-1.89939345585,symbol
WNT,GNG11,2791,9091,2.09852650379,symbol
WNT,BNC1,646,16942,1.58225139336,symbol
WNT,ZNF230,7773,20763,1.38534278144,symbol
WNT,LPAR2,9170,20362,1.26399445256,symbol
WNT,TRMT2B,79979,23338,1.80002842507,symbol
WNT,ASB4,51666,9101,-0.728762798846,symbol
WNT,ZNF43,7594,20388,2.2320690359,symbol
WNT,KCNJ10,3766,1651,-1.43276659141,symbol
WNT,ITGB7,3695,14393,1.36135777708,symbol
WNT,HIRA,7290,22335,1.72585140096,symbol
WNT,DESI2,51029,2324,1.10426832494,symbol
WNT,EYA4,2070,8264,1.39326162198,symbol
WNT,APBB1,322,12602,-1.01528790297,symbol
WNT,MSI1,4440,14941,1.00152333996,symbol
WNT,KCNJ5,3762,13836,-0.970656340025,symbol
WNT,ANGPT1,284,10256,-1.92617170318,symbol
WNT,ZFP30,22835,20572,1.53566031892,symbol
WNT,TBXT,6862,8450,-0.954038286972,alias
WNT,MSH3,4437,6559,0.863448783565,symbol
WNT,CD244,51744,1672,0.75606236887,symbol
WNT,GNAO1,2775,17681,-0.915037841756,symbol
WNT,IGF1,3479,14775,1.35948123623,symbol
WNT,TPH1,7166,12725,1.0144342317,symbol
WNT,TLE4,7091,10843,-1.73347206901,symbol
WNT,LGALS14,56891,20635,0.981538986418,symbol
WNT,NCAM1,4684,13642,-0.877086430495,symbol
WNT,PIEZO2,63895,19483,-1.05133509247,symbol
WNT,IL1RL1,9173,3085,2.08077074582,symbol
WNT,SEC31B,25956,12140,1.44708283337,symbol
WNT,WFDC2,10406,21757,-1.31768738028,symbol
WNT,HOXB5,3215,18931,1.13995823557,symbol
WNT,FASLG,356,1803,-1.44349654904,symbol
WNT,AIRE,326,22225,0.756269896603,symbol
WNT,SEL1L3,23231,5450,-1.62188109405,symbol
WNT,ZNF45,7596,20759,2.19565822721,symbol
WNT,CD48,962,1669,1.57824848108,symbol
WNT,ZNF552,79818,21280,1.10289013974,symbol
WNT,RNASEH2B,79621,15350,1.05685087869,symbol
WNT,IGFBP1,3484,8839,1.48422826766,symbol
WNT,ANKMY1,51281,3904,0.58688972167,symbol
p53,GLS2,27165,14508,6.452464884676295,symbol
p53,MDM2,4193,14612,8.193488269182302,symbol
p53,ZNF79,7633,11200,4.020263344398706,symbol
p53,FDXR,2232,19217,11.994495921690351,symbol
p53,LCE1B,353132,1442,11.81373659688734,symbol
p53,FAS,355,12012,12.03060138237465,symbol
p53,CABYR,26256,19539,6.125471912191974,symbol
p53,SESN1,27244,8125,12.529228897463508,symbol
p53,PIDD1,55367,12445,5.9606407237831895,symbol
p53,PIDD1,55367,12445,5.9606407237831895,symbol
p53,TP53I3,9540,2522,18.261147329238344,symbol
p53,ABCA12,26154,3679,9.597182118769553,symbol
p53,SMIM10L2A,399668,23562,6.372565195229573,symbol
p53,DNAI3,126820,969,13.098405880124508,alias
p53,CDKN1A,1026,7754,15.956970310754723,symbol
p53,SPATA18,132671,5539,7.848997964782883,symbol
p53,CES2,8824,17770,7.280384841566823,symbol
p53,CDIP1,29965,17287,5.049443582282436,symbol
p53,RETSAT,54884,2945,7.1367279861364885,symbol
p53,PRKAB1,5564,14931,4.520029459285258,symbol
p53,CYP4F2,8529,20252,4.139434854074782,symbol
p53,KLHDC7A,127707,284,4.5662746090957205,symbol
p53,GPR87,53836,4948,10.836121759977534,symbol
p53,POLH,5429,7852,5.176012643300875,symbol
p53,XPC,7508,4039,6.587026008593313,symbol
p53,PPM1D,8493,19078,6.249520581062231,symbol
p53,ANKRA2,57763,6498,10.889630974186884,symbol
p53,PADI4,23569,277,4.107730147663894,symbol
p53,NECTIN4,81607,1680,9.30887621816103,alias
p53,SLC52A1,55065,18180,4.155589845831009,symbol
p53,PHLDA3,23612,1964,6.790437343039215,symbol
p53,DDB2,1643,12889,8.185583260145169,symbol
p53,RRM2B,50484,10233,10.632927679406718,symbol
p53,EDA2R,60401,23204,3.1791323026964338,symbol
p53,ZNF337,26152,21546,3.3017630301456933,symbol
p53,MUC19,283463,14225,7.040110233355504,symbol
p53,TNFRSF10B,8795,9814,6.009459388470295,symbol
p53,FBXW7,55294,6005,4.283285582331321,symbol
p53,CLCA2,9635,979,10.519255935623086,symbol
p53,ZMAT3,64393,5074,7.956698264614689,symbol
p53,STAG1,10274,4848,-3.8651133486903544,symbol
p53,TMEM63B,55362,7862,4.807352226655814,symbol
p53,SCN3B,55800,13759,4.85900175146136,symbol
p53,DRAXIN,374946,183,6.014405244852632,symbol
p53,SERPINB5,5268,19698,4.796405609625523,symbol
p53,RPS27L,51065,16690,6.25116452788065,symbol
p53,FAM13C,220965,11796,4.314974533860352,symbol
p53,DGKA,1606,14479,5.381505634253098,symbol
p53,TIGAR,57103,13919,10.151495414110276,symbol
p53,NRF1,4899,9393,-2.3510351484879664,symbol
p53,ACER2,340485,10569,11.596064389645838,symbol
p53,TP53INP1,94241,10188,8.65838226312228,symbol
p53,STX6,10228,1863,3.465799996306623,symbol
p53,BLOC1S2,282991,12135,7.412623260713744,symbol
p53,CMBL,134147,6235,5.050855729202823,symbol
p53,SRGAP3,9901,3971,2.5185476046162667,symbol
p53,CLTRN,57393,22894,6.82934107641466,alias
p53,GRIN2C,2905,19216,1.839359805817828,symbol
p53,CYFIP2,26999,7063,7.060904559614862,symbol
p53,TRIAP1,51499,14943,6.422788982189964,symbol
p53,ISCU,23479,14826,5.5123499539822856,symbol
p53,ARHGAP11A,9824,16422,-7.976226363284924,symbol
p53,CCDC90B,60492,13470,3.3881094626363772,symbol
p53,NADSYN1,55191,13356,3.836912580332245,symbol
p53,ZNF561,93134,20060,10.123218197683356,symbol
p53,ZSCAN4,201516,21274,3.1834625061636643,symbol
p53,INPP1,3628,3541,7.488075835821861,symbol
p53,LINC02875,388407,19082,3.2782830579474624,alias
p53,SPMIP9,200523,2990,3.038482577506853,alias
p53,PGAP1,80055,3564,5.574287106918351,symbol
p53,NBEAP1,606,16335,6.712308533482899,symbol
p53,CSTA,1475,4709,9.006077703707733,symbol
p53,DQX1,165545,2908,4.387116105937616,symbol
p53,PGF,5228,16081,4.454846512360694,symbol
p53,GRHL3,57822,378,8.21231017387999,symbol
p53,C2orf66,401027,3563,11.503174325222073,symbol
p53,FBXO22,26263,16852,3.692526001627024,symbol
p53,ANKRD20A12P,100874392,1271,3.6917744097009817,symbol
p53,KANK3,256949,20029,2.905439797175194,symbol
p53,RINL,126432,20602,4.514689686626452,symbol
p53,AK1,203,11215,4.352992415044511,symbol
p53,ZNF83,55769,21097,-5.857518761394605,symbol
p53,CYSRT1,375791,11423,5.076430758731781,symbol
p53,GDF15,9518,20323,9.773981683840187,symbol
p53,GRIP2,80852,4043,2.527611464512725,symbol
p53,EFNB1,1947,23209,2.8656789911934504,symbol
p53,AKR1B10,57016,9422,10.322077340036804,symbol
p53,CEL,1056,11308,4.049534672263433,symbol
p53,PLTP,5360,21779,6.885032885088286,symbol
p53,SLC44A5,204962,924,5.043420920412067,symbol
p53,EI24,9538,13805,4.09203042424567,symbol
p53,CSMD3,114788,10270,4.812601463006893,symbol
p53,RTL5,340526,23250,4.585514534840213,alias
p53,PDE6C,5146,12056,3.0141354028269594,symbol
p53,CARNS1,57571,13298,4.538733844691278,symbol
p53,LCE1C,353133,1441,30.220747276406065,symbol
p53,CCDC150,284992,3561,-3.174527111270652,symbol
p53,LCE1A,353131,1443,6.154822839299324,symbol
p53,TREM2,54209,7794,4.101936615114059,symbol
p53,GDF9,2661,6771,3.3557413439827735,symbol
